<Table>
	<TableName>student</TableName>
	<TableStructure>
		<Column1>
			<ColumnName>sid</ColumnName>
			<ColumnType>INT</ColumnType>
			<Length>11</Length>
		</Column1>
		<Column2>
			<ColumnName>sname</ColumnName>
			<ColumnType>VARCHAR</ColumnType>
			<Length>50</Length>
		</Column2>
		<Column3>
			<ColumnName>email</ColumnName>
			<ColumnType>VARCHAR</ColumnType>
			<Length>50</Length>
		</Column3>
		<Column4>
			<ColumnName>aid</ColumnName>
			<ColumnType>INT</ColumnType>
			<Length>11</Length>
		</Column4>
	</TableStructure>
	<TableData>
		<Student1>
			<sid>1</sid>
			<sname>siva</sname>
			<email>siva@gmail.com</email>
			<aid />
		</Student1>
		<Student2>
			<sid>2</sid>
			<sname>lakshmi</sname>
			<email>lakshmi@gmail.com</email>
			<aid />
		</Student2>
	</TableData>
</Table>