<Tables><Table><TableName>UNITATE</TableName><TableStructure><Column1><ColumnName>ID</ColumnName><ColumnType>numeric</ColumnType><Length>10</Length><Required>true</Required><PrimaryKey>true</PrimaryKey></Column1><Column2><ColumnName>NUME</ColumnName><ColumnType>varchar</ColumnType><Length>50</Length><Required>false</Required></Column2><Column3><ColumnName>DESCRIERE</ColumnName><ColumnType>varchar</ColumnType><Length>4000</Length><Required>false</Required></Column3><Column4><ColumnName>ID_GRUP</ColumnName><ColumnType>numeric</ColumnType><Length>10</Length><Required>false</Required><RefKey>ID</RefKey><RefTable>GRUP</RefTable></Column4><Column5><ColumnName>ID_TIP_UNITATE</ColumnName><ColumnType>numeric</ColumnType><Length>10</Length><Required>false</Required><RefKey>ID</RefKey><RefTable>TIP_UNITATE</RefTable></Column5><Column6><ColumnName>CREAT_DE</ColumnName><ColumnType>varchar</ColumnType><Length>50</Length><Required>false</Required></Column6><Column7><ColumnName>CREAT_LA</ColumnName><ColumnType>datetime2</ColumnType><Length>19</Length><Required>true</Required></Column7><Column8><ColumnName>MODIFICAT_DE</ColumnName><ColumnType>varchar</ColumnType><Length>50</Length><Required>false</Required></Column8><Column9><ColumnName>MODIFICAT_LA</ColumnName><ColumnType>datetime2</ColumnType><Length>19</Length><Required>false</Required></Column9><Column10><ColumnName>RJ</ColumnName><ColumnType>varchar</ColumnType><Length>3</Length><Required>false</Required></Column10><Column11><ColumnName>RN</ColumnName><ColumnType>numeric</ColumnType><Length>5</Length><Required>true</Required></Column11><Column12><ColumnName>RA</ColumnName><ColumnType>numeric</ColumnType><Length>4</Length><Required>true</Required></Column12><Column13><ColumnName>COD_CUI</ColumnName><ColumnType>numeric</ColumnType><Length>20</Length><Required>true</Required></Column13><Column14><ColumnName>COD_FISCAL</ColumnName><ColumnType>varchar</ColumnType><Length>15</Length><Required>false</Required></Column14><Column15><ColumnName>CAPITAL_SOCIAL</ColumnName><ColumnType>numeric</ColumnType><Length>20</Length><Required>false</Required></Column15><Column16><ColumnName>COTA_TVA</ColumnName><ColumnType>numeric</ColumnType><Length>10</Length><Required>false</Required></Column16><Column17><ColumnName>TELEFON</ColumnName><ColumnType>numeric</ColumnType><Length>20</Length><Required>false</Required></Column17><Column18><ColumnName>EMAIL</ColumnName><ColumnType>varchar</ColumnType><Length>40</Length><Required>false</Required></Column18><Column19><ColumnName>PERSOANA_CONTACT</ColumnName><ColumnType>varchar</ColumnType><Length>40</Length><Required>false</Required></Column19><Column20><ColumnName>COD_CAEN</ColumnName><ColumnType>varchar</ColumnType><Length>10</Length><Required>false</Required></Column20><Column21><ColumnName>SECURITY_CODE</ColumnName><ColumnType>varchar</ColumnType><Length>10</Length><Required>false</Required></Column21><Column22><ColumnName>ADRESA_SEDIU</ColumnName><ColumnType>varchar</ColumnType><Length>4000</Length><Required>false</Required></Column22><Column23><ColumnName>JUDET</ColumnName><ColumnType>varchar</ColumnType><Length>100</Length><Required>false</Required></Column23><Column24><ColumnName>COD_IBAN</ColumnName><ColumnType>varchar</ColumnType><Length>100</Length><Required>false</Required></Column24><Column25><ColumnName>BANCA</ColumnName><ColumnType>varchar</ColumnType><Length>400</Length><Required>false</Required></Column25><Column26><ColumnName>FISIER_LOGO</ColumnName><ColumnType>varchar</ColumnType><Length>100</Length><Required>false</Required></Column26><Column27><ColumnName>DOC_TYPE_REQUIRED</ColumnName><ColumnType>numeric</ColumnType><Length>1</Length><Required>true</Required></Column27><Column28><ColumnName>DOWNLOAD_PATH</ColumnName><ColumnType>varchar</ColumnType><Length>1000</Length><Required>false</Required></Column28><Column29><ColumnName>FORCE_IP_SECURE</ColumnName><ColumnType>numeric</ColumnType><Length>1</Length><Required>false</Required></Column29><Column30><ColumnName>ROWID</ColumnName><ColumnType>uniqueidentifier</ColumnType><Length>36</Length><Required>true</Required></Column30><Column31><ColumnName>AE_GET_TITLE</ColumnName><ColumnType>varchar</ColumnType><Length>4000</Length><Required>false</Required></Column31><Column32><ColumnName>AE_GET_LINK_URL</ColumnName><ColumnType>varchar</ColumnType><Length>4000</Length><Required>false</Required></Column32><Column33><ColumnName>AE_GET_DIRECT</ColumnName><ColumnType>numeric</ColumnType><Length>1</Length><Required>false</Required></Column33><Column34><ColumnName>AE_GET_LINK_TEXT</ColumnName><ColumnType>varchar</ColumnType><Length>4000</Length><Required>false</Required></Column34><Column35><ColumnName>AE_GET_LOGO_LINK</ColumnName><ColumnType>varchar</ColumnType><Length>4000</Length><Required>false</Required></Column35></TableStructure><TableData/></Table><Table><TableName>GRUP</TableName><TableStructure><Column1><ColumnName>ID</ColumnName><ColumnType>numeric</ColumnType><Length>10</Length><Required>true</Required><PrimaryKey>true</PrimaryKey></Column1><Column2><ColumnName>NUME</ColumnName><ColumnType>varchar</ColumnType><Length>4000</Length><Required>false</Required></Column2><Column3><ColumnName>CREAT_DE</ColumnName><ColumnType>varchar</ColumnType><Length>50</Length><Required>false</Required></Column3><Column4><ColumnName>CREAT_LA</ColumnName><ColumnType>datetime2</ColumnType><Length>19</Length><Required>false</Required></Column4><Column5><ColumnName>MODIFICAT_DE</ColumnName><ColumnType>varchar</ColumnType><Length>50</Length><Required>false</Required></Column5><Column6><ColumnName>MODIFICAT_LA</ColumnName><ColumnType>datetime2</ColumnType><Length>19</Length><Required>false</Required></Column6><Column7><ColumnName>DESCRIERE</ColumnName><ColumnType>varchar</ColumnType><Length>500</Length><Required>false</Required></Column7><Column8><ColumnName>EMAIL</ColumnName><ColumnType>varchar</ColumnType><Length>100</Length><Required>false</Required></Column8><Column9><ColumnName>ID_UNITATE</ColumnName><ColumnType>numeric</ColumnType><Length>10</Length><Required>true</Required></Column9><Column10><ColumnName>RELATED_AD_GROUPS</ColumnName><ColumnType>varchar</ColumnType><Length>4000</Length><Required>false</Required></Column10><Column11><ColumnName>ROWID</ColumnName><ColumnType>uniqueidentifier</ColumnType><Length>36</Length><Required>true</Required></Column11></TableStructure><TableData/></Table><Table><TableName>TIP_UNITATE</TableName><TableStructure><Column1><ColumnName>ID</ColumnName><ColumnType>numeric</ColumnType><Length>10</Length><Required>true</Required><PrimaryKey>true</PrimaryKey></Column1><Column2><ColumnName>NUME</ColumnName><ColumnType>varchar</ColumnType><Length>50</Length><Required>false</Required></Column2><Column3><ColumnName>COD</ColumnName><ColumnType>varchar</ColumnType><Length>5</Length><Required>false</Required></Column3><Column4><ColumnName>ACTIV</ColumnName><ColumnType>numeric</ColumnType><Length>1</Length><Required>false</Required></Column4><Column5><ColumnName>POZITIE</ColumnName><ColumnType>numeric</ColumnType><Length>5</Length><Required>true</Required></Column5><Column6><ColumnName>CREAT_DE</ColumnName><ColumnType>varchar</ColumnType><Length>50</Length><Required>false</Required></Column6><Column7><ColumnName>CREAT_LA</ColumnName><ColumnType>datetime2</ColumnType><Length>19</Length><Required>true</Required></Column7><Column8><ColumnName>MODIFICAT_DE</ColumnName><ColumnType>varchar</ColumnType><Length>50</Length><Required>false</Required></Column8><Column9><ColumnName>MODIFICAT_LA</ColumnName><ColumnType>datetime2</ColumnType><Length>19</Length><Required>false</Required></Column9><Column10><ColumnName>ROWID</ColumnName><ColumnType>uniqueidentifier</ColumnType><Length>36</Length><Required>true</Required></Column10></TableStructure><TableData/></Table></Tables>