<Tables><Table><TableName>cautare</TableName><TableStructure><Column1><ColumnName>id</ColumnName><ColumnType>int8</ColumnType><Length>19</Length><Required>true</Required></Column1><Column2><ColumnName>denumire</ColumnName><ColumnType>varchar</ColumnType><Length>500</Length><Required>false</Required></Column2><Column3><ColumnName>id_locatie</ColumnName><ColumnType>int8</ColumnType><Length>19</Length><Required>false</Required></Column3><Column4><ColumnName>denumire_fisier</ColumnName><ColumnType>varchar</ColumnType><Length>400</Length><Required>false</Required></Column4><Column5><ColumnName>extensie</ColumnName><ColumnType>varchar</ColumnType><Length>20</Length><Required>false</Required></Column5><Column6><ColumnName>continut</ColumnName><ColumnType>varchar</ColumnType><Length>4000</Length><Required>false</Required></Column6><Column7><ColumnName>id_categorie</ColumnName><ColumnType>varchar</ColumnType><Length>10</Length><Required>false</Required></Column7><Column8><ColumnName>atrib1</ColumnName><ColumnType>varchar</ColumnType><Length>20</Length><Required>false</Required></Column8><Column9><ColumnName>operator1</ColumnName><ColumnType>varchar</ColumnType><Length>10</Length><Required>false</Required></Column9><Column10><ColumnName>valoare1</ColumnName><ColumnType>varchar</ColumnType><Length>100</Length><Required>false</Required></Column10><Column11><ColumnName>atrib2</ColumnName><ColumnType>varchar</ColumnType><Length>20</Length><Required>false</Required></Column11><Column12><ColumnName>operator2</ColumnName><ColumnType>varchar</ColumnType><Length>10</Length><Required>false</Required></Column12><Column13><ColumnName>valoare2</ColumnName><ColumnType>varchar</ColumnType><Length>100</Length><Required>false</Required></Column13><Column14><ColumnName>atrib3</ColumnName><ColumnType>varchar</ColumnType><Length>20</Length><Required>false</Required></Column14><Column15><ColumnName>operator3</ColumnName><ColumnType>varchar</ColumnType><Length>10</Length><Required>false</Required></Column15><Column16><ColumnName>valoare3</ColumnName><ColumnType>varchar</ColumnType><Length>100</Length><Required>false</Required></Column16><Column17><ColumnName>atrib4</ColumnName><ColumnType>varchar</ColumnType><Length>20</Length><Required>false</Required></Column17><Column18><ColumnName>operator4</ColumnName><ColumnType>varchar</ColumnType><Length>10</Length><Required>false</Required></Column18><Column19><ColumnName>valoare4</ColumnName><ColumnType>varchar</ColumnType><Length>100</Length><Required>false</Required></Column19><Column20><ColumnName>metadata1</ColumnName><ColumnType>varchar</ColumnType><Length>20</Length><Required>false</Required></Column20><Column21><ColumnName>metaoperator1</ColumnName><ColumnType>varchar</ColumnType><Length>10</Length><Required>false</Required></Column21><Column22><ColumnName>metavaloare1</ColumnName><ColumnType>varchar</ColumnType><Length>100</Length><Required>false</Required></Column22><Column23><ColumnName>metadata2</ColumnName><ColumnType>varchar</ColumnType><Length>20</Length><Required>false</Required></Column23><Column24><ColumnName>metaoperator2</ColumnName><ColumnType>varchar</ColumnType><Length>10</Length><Required>false</Required></Column24><Column25><ColumnName>metavaloare2</ColumnName><ColumnType>varchar</ColumnType><Length>100</Length><Required>false</Required></Column25><Column26><ColumnName>metadata3</ColumnName><ColumnType>varchar</ColumnType><Length>20</Length><Required>false</Required></Column26><Column27><ColumnName>metaoperator3</ColumnName><ColumnType>varchar</ColumnType><Length>10</Length><Required>false</Required></Column27><Column28><ColumnName>metavaloare3</ColumnName><ColumnType>varchar</ColumnType><Length>100</Length><Required>false</Required></Column28><Column29><ColumnName>metadata4</ColumnName><ColumnType>varchar</ColumnType><Length>20</Length><Required>false</Required></Column29><Column30><ColumnName>metaoperator4</ColumnName><ColumnType>varchar</ColumnType><Length>10</Length><Required>false</Required></Column30><Column31><ColumnName>metavaloare4</ColumnName><ColumnType>varchar</ColumnType><Length>100</Length><Required>false</Required></Column31><Column32><ColumnName>creat_de</ColumnName><ColumnType>varchar</ColumnType><Length>50</Length><Required>true</Required></Column32><Column33><ColumnName>creat_la</ColumnName><ColumnType>timestamp</ColumnType><Length>29</Length><Required>true</Required></Column33><Column34><ColumnName>modificat_de</ColumnName><ColumnType>varchar</ColumnType><Length>50</Length><Required>false</Required></Column34><Column35><ColumnName>modificat_la</ColumnName><ColumnType>timestamp</ColumnType><Length>29</Length><Required>false</Required></Column35><Column36><ColumnName>director</ColumnName><ColumnType>varchar</ColumnType><Length>100</Length><Required>false</Required></Column36></TableStructure><TableData/></Table></Tables>