<Tables>
	<Table>
		<TableName>cautare_1739</TableName>
		<TableStructure>
			<Column1>
				<ColumnName>id</ColumnName>
				<ColumnType>int8</ColumnType>
				<Length>19</Length>
				<Required>true</Required>
			</Column1>
			<Column2>
				<ColumnName>denumire1</ColumnName>
				<ColumnType>varchar</ColumnType>
				<Length>500</Length>
				<Required>false</Required>
			</Column2>
			
			<Column2>
				<ColumnName>denumire</ColumnName>
				<ColumnType>varchar</ColumnType>
				<Length>500</Length>
				<Required>false</Required>
			</Column2>
			<Column2>
				<ColumnName>denumire2</ColumnName>
				<ColumnType>varchar</ColumnType>
				<Length>500</Length>
				<Required>false</Required>
			</Column2>
			<Column2>
				<ColumnName>denumire3</ColumnName>
				<ColumnType>varchar</ColumnType>
				<Length>500</Length>
				<Required>false</Required>
			</Column2>
			<Column2>
				<ColumnName>denumire7</ColumnName>
				<ColumnType>varchar</ColumnType>
				<Length>500</Length>
				<Required>false</Required>
			</Column2>
			
		</TableStructure>
		<TableData />
	</Table>
</Tables>