<Tables><Table><TableName>address</TableName><TableStructure><Column1><ColumnName>aid</ColumnName><ColumnType>INT</ColumnType><Length>11</Length><Required>true</Required><PrimaryKey>true</PrimaryKey></Column1><Column2><ColumnName>area</ColumnName><ColumnType>VARCHAR</ColumnType><Length>50</Length><Required>true</Required></Column2><Column3><ColumnName>state</ColumnName><ColumnType>VARCHAR</ColumnType><Length>50</Length><Required>false</Required></Column3></TableStructure><TableData/></Table><Table><TableName>employee</TableName><TableStructure><Column1><ColumnName>eid</ColumnName><ColumnType>INT</ColumnType><Length>11</Length><Required>true</Required><PrimaryKey>true</PrimaryKey></Column1><Column2><ColumnName>to_email</ColumnName><ColumnType>VARCHAR</ColumnType><Length>40</Length><Required>false</Required></Column2><Column3><ColumnName>aid</ColumnName><ColumnType>INT</ColumnType><Length>11</Length><Required>true</Required><RefKey>true</RefKey><RefTable>address</RefTable></Column3></TableStructure><TableData/></Table><Table><TableName>lavi</TableName><TableStructure><Column1><ColumnName>sid</ColumnName><ColumnType>INT</ColumnType><Length>10</Length><Required>true</Required></Column1><Column2><ColumnName>sname</ColumnName><ColumnType>VARCHAR</ColumnType><Length>50</Length><Required>false</Required></Column2></TableStructure><TableData/></Table><Table><TableName>lavi1</TableName><TableStructure><Column1><ColumnName>sid</ColumnName><ColumnType>INT</ColumnType><Length>11</Length><Required>true</Required></Column1><Column2><ColumnName>sname</ColumnName><ColumnType>VARCHAR</ColumnType><Length>50</Length><Required>false</Required></Column2></TableStructure><TableData/></Table><Table><TableName>product</TableName><TableStructure><Column1><ColumnName>productId</ColumnName><ColumnType>VARCHAR</ColumnType><Length>10</Length><Required>false</Required></Column1><Column2><ColumnName>productName</ColumnName><ColumnType>VARCHAR</ColumnType><Length>100</Length><Required>false</Required></Column2></TableStructure><TableData/></Table><Table><TableName>product1</TableName><TableStructure><Column1><ColumnName>productId</ColumnName><ColumnType>VARCHAR</ColumnType><Length>10</Length><Required>false</Required></Column1><Column2><ColumnName>productName</ColumnName><ColumnType>VARCHAR</ColumnType><Length>100</Length><Required>false</Required></Column2><Column3><ColumnName>productType</ColumnName><ColumnType>VARCHAR</ColumnType><Length>100</Length><Required>false</Required></Column3></TableStructure><TableData/></Table><Table><TableName>student</TableName><TableStructure><Column1><ColumnName>sid</ColumnName><ColumnType>INT</ColumnType><Length>11</Length><Required>true</Required><PrimaryKey>true</PrimaryKey></Column1><Column2><ColumnName>sname</ColumnName><ColumnType>VARCHAR</ColumnType><Length>50</Length><Required>true</Required></Column2><Column3><ColumnName>email</ColumnName><ColumnType>VARCHAR</ColumnType><Length>50</Length><Required>false</Required></Column3><Column4><ColumnName>aid</ColumnName><ColumnType>INT</ColumnType><Length>11</Length><Required>false</Required><RefKey>true</RefKey><RefTable>address</RefTable></Column4><Column5><ColumnName>eid</ColumnName><ColumnType>INT</ColumnType><Length>11</Length><Required>false</Required><RefKey>true</RefKey><RefTable>employee</RefTable></Column5></TableStructure><TableData/></Table></Tables>