<Tables>
    <Table>
        <TableName>utilizatori_AB</TableName>
        <TableStructure>
            <Column1>
                <ColumnName>ID</ColumnName>
                <ColumnType>NUMBER</ColumnType>
                <Length>10</Length>
                <Required>true</Required>
            </Column1>
            <Column2>
                <ColumnName>NUME</ColumnName>
                <ColumnType>VARCHAR2</ColumnType>
                <Length>512</Length>
                <Required>false</Required>
            </Column2>
            <Column3>
                <ColumnName>PRENUME</ColumnName>
                <ColumnType>VARCHAR2</ColumnType>
                <Length>512</Length>
                <Required>false</Required>
            </Column3>
            <Column4>
                <ColumnName>USERNAME</ColumnName>
                <ColumnType>VARCHAR2</ColumnType>
                <Length>512</Length>
                <Required>true</Required>
            </Column4>
            <Column5>
                <ColumnName>PAROLA</ColumnName>
                <ColumnType>VARCHAR2</ColumnType>
                <Length>1000</Length>
                <Required>false</Required>
            </Column5>
            <Column6>
                <ColumnName>EMAIL</ColumnName>
                <ColumnType>VARCHAR2</ColumnType>
                <Length>512</Length>
                <Required>false</Required>
            </Column6>
            <Column7>
                <ColumnName>NR_ORE</ColumnName>
                <ColumnType>NUMBER</ColumnType>
                <Length>10</Length>
                <Required>false</Required>
            </Column7>
            <Column8>
                <ColumnName>ID_UNITATE</ColumnName>
                <ColumnType>NUMBER</ColumnType>
                <Length>10</Length>
                <Required>true</Required>
            </Column8>
            <Column9>
                <ColumnName>ACTIV</ColumnName>
                <ColumnType>NUMBER</ColumnType>
                <Length>1</Length>
                <Required>false</Required>
            </Column9>
            <Column10>
                <ColumnName>SECURITY_CODE</ColumnName>
                <ColumnType>VARCHAR2</ColumnType>
                <Length>50</Length>
                <Required>false</Required>
            </Column10>
            <Column11>
                <ColumnName>DATA_ACTIV_START</ColumnName>
                <ColumnType>DATE</ColumnType>
                <Length>0</Length>
                <Required>true</Required>
            </Column11>
            <Column12>
                <ColumnName>DATA_ACTIV_END</ColumnName>
                <ColumnType>DATE</ColumnType>
                <Length>0</Length>
                <Required>false</Required>
            </Column12>
            <Column13>
                <ColumnName>CREAT_DE</ColumnName>
                <ColumnType>VARCHAR2</ColumnType>
                <Length>100</Length>
                <Required>false</Required>
            </Column13>
            <Column14>
                <ColumnName>CREAT_LA</ColumnName>
                <ColumnType>DATE</ColumnType>
                <Length>0</Length>
                <Required>false</Required>
            </Column14>
            <Column15>
                <ColumnName>MODIFICAT_DE</ColumnName>
                <ColumnType>VARCHAR2</ColumnType>
                <Length>100</Length>
                <Required>false</Required>
            </Column15>
            <Column16>
                <ColumnName>MODIFICAT_LA</ColumnName>
                <ColumnType>DATE</ColumnType>
                <Length>0</Length>
                <Required>false</Required>
            </Column16>
            <Column17>
                <ColumnName>PASS_SET_DATE</ColumnName>
                <ColumnType>DATE</ColumnType>
                <Length>0</Length>
                <Required>false</Required>
            </Column17>
            <Column18>
                <ColumnName>LOGIN_FAIL_REMAINS</ColumnName>
                <ColumnType>NUMBER</ColumnType>
                <Length>0</Length>
                <Required>false</Required>
            </Column18>
            <Column19>
                <ColumnName>LOCKED</ColumnName>
                <ColumnType>NUMBER</ColumnType>
                <Length>1</Length>
                <Required>false</Required>
            </Column19>
            <Column20>
                <ColumnName>SHOW_FIRST_LOGIN</ColumnName>
                <ColumnType>NUMBER</ColumnType>
                <Length>1</Length>
                <Required>false</Required>
            </Column20>
            <Column21>
                <ColumnName>USERNAME_LDAP</ColumnName>
                <ColumnType>VARCHAR2</ColumnType>
                <Length>500</Length>
                <Required>false</Required>
            </Column21>
            <Column22>
                <ColumnName>BLOCK_TRIGGER</ColumnName>
                <ColumnType>NUMBER</ColumnType>
                <Length>1</Length>
                <Required>false</Required>
            </Column22>
            <Column23>
                <ColumnName>READ_ONLY</ColumnName>
                <ColumnType>NUMBER</ColumnType>
                <Length>1</Length>
                <Required>false</Required>
            </Column23>
            <Column24>
                <ColumnName>PRIORITAR</ColumnName>
                <ColumnType>NUMBER</ColumnType>
                <Length>1</Length>
                <Required>false</Required>
            </Column24>
            <Column25>
                <ColumnName>CHEIE_SECURITATE</ColumnName>
                <ColumnType>VARCHAR2</ColumnType>
                <Length>400</Length>
                <Required>false</Required>
            </Column25>
            <Column26>
                <ColumnName>PAROLA_C</ColumnName>
                <ColumnType>VARCHAR2</ColumnType>
                <Length>1000</Length>
                <Required>false</Required>
            </Column26>
            <Column27>
                <ColumnName>ADRESE_MAIL_ALTERNATIVE</ColumnName>
                <ColumnType>VARCHAR2</ColumnType>
                <Length>400</Length>
                <Required>false</Required>
            </Column27>
            <Column28>
                <ColumnName>TICKET_EMAILS</ColumnName>
                <ColumnType>VARCHAR2</ColumnType>
                <Length>4000</Length>
                <Required>false</Required>
            </Column28>
            <Column29>
                <ColumnName>BLOCK_DOWNLOAD</ColumnName>
                <ColumnType>NUMBER</ColumnType>
                <Length>1</Length>
                <Required>false</Required>
            </Column29>
        </TableStructure>
        <TableData />
    </Table>
    <Table>
        <TableName>fisiere_ab</TableName>
        <TableStructure>
            <Column1>
                <ColumnName>ID</ColumnName>
                <ColumnType>NUMBER</ColumnType>
                <Length>0</Length>
                <Required>true</Required>
            </Column1>
            <Column2>
                <ColumnName>NUME</ColumnName>
                <ColumnType>VARCHAR2</ColumnType>
                <Length>1000</Length>
                <Required>true</Required>
            </Column2>
            <Column3>
                <ColumnName>DESCRIERE</ColumnName>
                <ColumnType>VARCHAR2</ColumnType>
                <Length>3000</Length>
                <Required>false</Required>
            </Column3>
            <Column4>
                <ColumnName>ID_DIRECTOR</ColumnName>
                <ColumnType>NUMBER</ColumnType>
                <Length>0</Length>
                <Required>false</Required>
            </Column4>
            <Column5>
                <ColumnName>STARE</ColumnName>
                <ColumnType>NUMBER</ColumnType>
                <Length>38</Length>
                <Required>true</Required>
            </Column5>
            <Column6>
                <ColumnName>VERSIUNE</ColumnName>
                <ColumnType>NUMBER</ColumnType>
                <Length>0</Length>
                <Required>false</Required>
            </Column6>
            <Column7>
                <ColumnName>DATA_VERSIUNE</ColumnName>
                <ColumnType>DATE</ColumnType>
                <Length>0</Length>
                <Required>false</Required>
            </Column7>
            <Column8>
                <ColumnName>ID_USER</ColumnName>
                <ColumnType>NUMBER</ColumnType>
                <Length>10</Length>
                <Required>false</Required>
            </Column8>
            <Column9>
                <ColumnName>VERSIUNE_LABEL</ColumnName>
                <ColumnType>VARCHAR2</ColumnType>
                <Length>100</Length>
                <Required>false</Required>
            </Column9>
            <Column10>
                <ColumnName>ID_DOCUMENT</ColumnName>
                <ColumnType>NUMBER</ColumnType>
                <Length>10</Length>
                <Required>false</Required>
            </Column10>
            <Column11>
                <ColumnName>SERVER_PATH</ColumnName>
                <ColumnType>VARCHAR2</ColumnType>
                <Length>1000</Length>
                <Required>false</Required>
            </Column11>
            <Column12>
                <ColumnName>CREAT_DE</ColumnName>
                <ColumnType>VARCHAR2</ColumnType>
                <Length>50</Length>
                <Required>false</Required>
            </Column12>
            <Column13>
                <ColumnName>CREAT_LA</ColumnName>
                <ColumnType>DATE</ColumnType>
                <Length>0</Length>
                <Required>false</Required>
            </Column13>
            <Column14>
                <ColumnName>MODIFICAT_DE</ColumnName>
                <ColumnType>VARCHAR2</ColumnType>
                <Length>50</Length>
                <Required>false</Required>
            </Column14>
            <Column15>
                <ColumnName>MODIFICAT_LA</ColumnName>
                <ColumnType>DATE</ColumnType>
                <Length>0</Length>
                <Required>false</Required>
            </Column15>
            <Column16>
                <ColumnName>NR_INREG</ColumnName>
                <ColumnType>NUMBER</ColumnType>
                <Length>0</Length>
                <Required>false</Required>
            </Column16>
            <Column17>
                <ColumnName>DATA_INREG</ColumnName>
                <ColumnType>DATE</ColumnType>
                <Length>0</Length>
                <Required>false</Required>
            </Column17>
            <Column18>
                <ColumnName>TEXT</ColumnName>
                <ColumnType>VARCHAR2</ColumnType>
                <Length>4000</Length>
                <Required>false</Required>
            </Column18>
            <Column19>
                <ColumnName>ID_REGISTRU</ColumnName>
                <ColumnType>NUMBER</ColumnType>
                <Length>10</Length>
                <Required>false</Required>
            </Column19>
            <Column20>
                <ColumnName>TEXT_LONG</ColumnName>
                <ColumnType>CLOB</ColumnType>
                <Length>-1</Length>
                <Required>false</Required>
            </Column20>
            <Column21>
                <ColumnName>ID_UNITATE</ColumnName>
                <ColumnType>NUMBER</ColumnType>
                <Length>0</Length>
                <Required>false</Required>
            </Column21>
            <Column22>
                <ColumnName>PARCEL</ColumnName>
                <ColumnType>NUMBER</ColumnType>
                <Length>10</Length>
                <Required>false</Required>
            </Column22>
            <Column23>
                <ColumnName>DIMENSIUNE</ColumnName>
                <ColumnType>NUMBER</ColumnType>
                <Length>10</Length>
                <Required>false</Required>
            </Column23>
            <Column24>
                <ColumnName>BLOBFILE</ColumnName>
                <ColumnType>VARCHAR2</ColumnType>
                <Length>4000</Length>
                <Required>false</Required>
            </Column24>
            <Column25>
                <ColumnName>NOTE</ColumnName>
                <ColumnType>VARCHAR2</ColumnType>
                <Length>4000</Length>
                <Required>false</Required>
            </Column25>
            <Column26>
                <ColumnName>SEMNAT</ColumnName>
                <ColumnType>NUMBER</ColumnType>
                <Length>1</Length>
                <Required>false</Required>
            </Column26>
            <Column27>
                <ColumnName>ID_WORKFLOW_STATUS</ColumnName>
                <ColumnType>NUMBER</ColumnType>
                <Length>10</Length>
                <Required>false</Required>
            </Column27>
            <Column28>
                <ColumnName>ZILE_PREAVIZ</ColumnName>
                <ColumnType>NUMBER</ColumnType>
                <Length>3</Length>
                <Required>false</Required>
            </Column28>
            <Column29>
                <ColumnName>SHORTCUT_TO_ID_FISIER</ColumnName>
                <ColumnType>NUMBER</ColumnType>
                <Length>0</Length>
                <Required>false</Required>
            </Column29>
            <Column30>
                <ColumnName>DATA_EXPIRARE</ColumnName>
                <ColumnType>DATE</ColumnType>
                <Length>0</Length>
                <Required>false</Required>
            </Column30>
            <Column31>
                <ColumnName>IGNORA</ColumnName>
                <ColumnType>NUMBER</ColumnType>
                <Length>1</Length>
                <Required>false</Required>
            </Column31>
            <Column32>
                <ColumnName>ZILE_ALERTA</ColumnName>
                <ColumnType>NUMBER</ColumnType>
                <Length>0</Length>
                <Required>false</Required>
            </Column32>
            <Column33>
                <ColumnName>STORAGE_LOCATION_ID</ColumnName>
                <ColumnType>NUMBER</ColumnType>
                <Length>10</Length>
                <Required>false</Required>
            </Column33>
            <Column34>
                <ColumnName>PAGE_COUNT</ColumnName>
                <ColumnType>NUMBER</ColumnType>
                <Length>10</Length>
                <Required>false</Required>
            </Column34>
            <Column35>
                <ColumnName>USE_CACHE</ColumnName>
                <ColumnType>NUMBER</ColumnType>
                <Length>1</Length>
                <Required>false</Required>
            </Column35>
            <Column36>
                <ColumnName>BLOCK_TRIGGER</ColumnName>
                <ColumnType>NUMBER</ColumnType>
                <Length>1</Length>
                <Required>true</Required>
            </Column36>
            <Column37>
                <ColumnName>ID_NOMENC_SECURITATE</ColumnName>
                <ColumnType>NUMBER</ColumnType>
                <Length>0</Length>
                <Required>false</Required>
            </Column37>
            <Column38>
                <ColumnName>NUMERE_INREG</ColumnName>
                <ColumnType>VARCHAR2</ColumnType>
                <Length>4000</Length>
                <Required>false</Required>
            </Column38>
            <Column39>
                <ColumnName>DATE_INREG</ColumnName>
                <ColumnType>VARCHAR2</ColumnType>
                <Length>4000</Length>
                <Required>false</Required>
            </Column39>
            <Column40>
                <ColumnName>TEST_12</ColumnName>
                <ColumnType>NUMBER</ColumnType>
                <Length>10</Length>
                <Required>false</Required>
            </Column40>
            <Column41>
                <ColumnName>SAPLINK</ColumnName>
                <ColumnType>VARCHAR2</ColumnType>
                <Length>10</Length>
                <Required>false</Required>
            </Column41>
            <Column42>
                <ColumnName>SAPLINK_DATE</ColumnName>
                <ColumnType>DATE</ColumnType>
                <Length>0</Length>
                <Required>false</Required>
            </Column42>
            <Column43>
                <ColumnName>USER_VERSIUNE</ColumnName>
                <ColumnType>VARCHAR2</ColumnType>
                <Length>200</Length>
                <Required>false</Required>
            </Column43>
            <Column44>
                <ColumnName>ID_ROLE_DOC_OWNER</ColumnName>
                <ColumnType>NUMBER</ColumnType>
                <Length>10</Length>
                <Required>false</Required>
            </Column44>
            <Column45>
                <ColumnName>LOCATIE_FIZICA</ColumnName>
                <ColumnType>VARCHAR2</ColumnType>
                <Length>1000</Length>
                <Required>false</Required>
            </Column45>
            <Column46>
                <ColumnName>DATA_ARHIVARE</ColumnName>
                <ColumnType>DATE</ColumnType>
                <Length>0</Length>
                <Required>false</Required>
            </Column46>
            <Column47>
                <ColumnName>ID_ROLE_DOC_DISP_OWNER</ColumnName>
                <ColumnType>NUMBER</ColumnType>
                <Length>10</Length>
                <Required>false</Required>
            </Column47>
            <Column48>
                <ColumnName>ID_DOCUMENT_REFERINTA</ColumnName>
                <ColumnType>NUMBER</ColumnType>
                <Length>10</Length>
                <Required>false</Required>
            </Column48>
            <Column49>
                <ColumnName>ID_FISIER_REFERINTA</ColumnName>
                <ColumnType>NUMBER</ColumnType>
                <Length>10</Length>
                <Required>false</Required>
            </Column49>
            <Column50>
                <ColumnName>ID_TEMPLATE</ColumnName>
                <ColumnType>NUMBER</ColumnType>
                <Length>10</Length>
                <Required>false</Required>
            </Column50>
            <Column51>
                <ColumnName>ID_GDPR_LEVEL</ColumnName>
                <ColumnType>NUMBER</ColumnType>
                <Length>10</Length>
                <Required>false</Required>
            </Column51>
            <Column52>
                <ColumnName>ID_SCOP_PRELUCRARE_STR</ColumnName>
                <ColumnType>VARCHAR2</ColumnType>
                <Length>1000</Length>
                <Required>false</Required>
            </Column52>
            <Column53>
                <ColumnName>DATA_DISPOSAL</ColumnName>
                <ColumnType>DATE</ColumnType>
                <Length>0</Length>
                <Required>false</Required>
            </Column53>
            <Column54>
                <ColumnName>BLOCK_DOWNLOAD</ColumnName>
                <ColumnType>NUMBER</ColumnType>
                <Length>11</Length>
                <Required>false</Required>
            </Column54>
            <Column55>
                <ColumnName>LOCKED</ColumnName>
                <ColumnType>NUMBER</ColumnType>
                <Length>1</Length>
                <Required>false</Required>
            </Column55>
            <Column56>
                <ColumnName>LOCK_EDIT</ColumnName>
                <ColumnType>NUMBER</ColumnType>
                <Length>1</Length>
                <Required>false</Required>
            </Column56>
            <Column57>
                <ColumnName>HR_PERSOANA_ID</ColumnName>
                <ColumnType>NUMBER</ColumnType>
                <Length>10</Length>
                <Required>false</Required>
            </Column57>
            <Column58>
                <ColumnName>TIP</ColumnName>
                <ColumnType>VARCHAR2</ColumnType>
                <Length>100</Length>
                <Required>false</Required>
            </Column58>
            <Column59>
                <ColumnName>ID_DEPARTAMENT</ColumnName>
                <ColumnType>NUMBER</ColumnType>
                <Length>10</Length>
                <Required>false</Required>
            </Column59>
            <Column60>
                <ColumnName>FOLDER_MONITOR</ColumnName>
                <ColumnType>NUMBER</ColumnType>
                <Length>1</Length>
                <Required>false</Required>
            </Column60>
            <Column61>
                <ColumnName>CALE_FOLDER_MONITOR</ColumnName>
                <ColumnType>VARCHAR2</ColumnType>
                <Length>4000</Length>
                <Required>false</Required>
            </Column61>
            <Column62>
                <ColumnName>BARCODE</ColumnName>
                <ColumnType>VARCHAR2</ColumnType>
                <Length>100</Length>
                <Required>false</Required>
            </Column62>
            <Column63>
                <ColumnName>BARCODE_TYPE</ColumnName>
                <ColumnType>VARCHAR2</ColumnType>
                <Length>100</Length>
                <Required>false</Required>
            </Column63>
            <Column64>
                <ColumnName>ATTR_OCR</ColumnName>
                <ColumnType>NUMBER</ColumnType>
                <Length>1</Length>
                <Required>false</Required>
            </Column64>
            <Column65>
                <ColumnName>PDFA</ColumnName>
                <ColumnType>NUMBER</ColumnType>
                <Length>1</Length>
                <Required>false</Required>
            </Column65>
            <Column66>
                <ColumnName>OCR_BCODE</ColumnName>
                <ColumnType>NUMBER</ColumnType>
                <Length>1</Length>
                <Required>false</Required>
            </Column66>
            <Column67>
                <ColumnName>OCR_INDEX</ColumnName>
                <ColumnType>NUMBER</ColumnType>
                <Length>1</Length>
                <Required>false</Required>
            </Column67>
            <Column68>
                <ColumnName>ITEXT1</ColumnName>
                <ColumnType>VARCHAR2</ColumnType>
                <Length>4000</Length>
                <Required>false</Required>
            </Column68>
            <Column69>
                <ColumnName>ITEXT2</ColumnName>
                <ColumnType>VARCHAR2</ColumnType>
                <Length>4000</Length>
                <Required>false</Required>
            </Column69>
            <Column70>
                <ColumnName>ITEXT3</ColumnName>
                <ColumnType>VARCHAR2</ColumnType>
                <Length>4000</Length>
                <Required>false</Required>
            </Column70>
            <Column71>
                <ColumnName>ITEXT4</ColumnName>
                <ColumnType>VARCHAR2</ColumnType>
                <Length>4000</Length>
                <Required>false</Required>
            </Column71>
            <Column72>
                <ColumnName>ITEXT5</ColumnName>
                <ColumnType>VARCHAR2</ColumnType>
                <Length>4000</Length>
                <Required>false</Required>
            </Column72>
            <Column73>
                <ColumnName>ITEXT_DATE</ColumnName>
                <ColumnType>DATE</ColumnType>
                <Length>0</Length>
                <Required>false</Required>
            </Column73>
            <Column74>
                <ColumnName>FISIER_AE</ColumnName>
                <ColumnType>NUMBER</ColumnType>
                <Length>1</Length>
                <Required>false</Required>
            </Column74>
            <Column75>
                <ColumnName>FISA_AE</ColumnName>
                <ColumnType>NUMBER</ColumnType>
                <Length>1</Length>
                <Required>false</Required>
            </Column75>
            <Column76>
                <ColumnName>FISA_AE_ID_FISIER</ColumnName>
                <ColumnType>VARCHAR2</ColumnType>
                <Length>99</Length>
                <Required>false</Required>
            </Column76>
            <Column77>
                <ColumnName>NR_ATASAMENTE</ColumnName>
                <ColumnType>NUMBER</ColumnType>
                <Length>3</Length>
                <Required>false</Required>
            </Column77>
            <Column78>
                <ColumnName>ORIGINAL</ColumnName>
                <ColumnType>NUMBER</ColumnType>
                <Length>1</Length>
                <Required>false</Required>
            </Column78>
            <Column79>
                <ColumnName>FILE_HASH</ColumnName>
                <ColumnType>VARCHAR2</ColumnType>
                <Length>4000</Length>
                <Required>false</Required>
            </Column79>
        </TableStructure>
        <TableData />
    </Table>
    <Table>
        <TableName>hr_persoana_ab</TableName>
        <TableStructure>
            <Column1>
                <ColumnName>ID</ColumnName>
                <ColumnType>NUMBER</ColumnType>
                <Length>10</Length>
                <Required>true</Required>
            </Column1>
            <Column2>
                <ColumnName>CNP</ColumnName>
                <ColumnType>NUMBER</ColumnType>
                <Length>13</Length>
                <Required>false</Required>
            </Column2>
            <Column3>
                <ColumnName>NUME</ColumnName>
                <ColumnType>VARCHAR2</ColumnType>
                <Length>512</Length>
                <Required>true</Required>
            </Column3>
            <Column4>
                <ColumnName>CONTACT</ColumnName>
                <ColumnType>VARCHAR2</ColumnType>
                <Length>200</Length>
                <Required>false</Required>
            </Column4>
            <Column5>
                <ColumnName>DATA_IN</ColumnName>
                <ColumnType>DATE</ColumnType>
                <Length>0</Length>
                <Required>false</Required>
            </Column5>
            <Column6>
                <ColumnName>DATA_OUT</ColumnName>
                <ColumnType>DATE</ColumnType>
                <Length>0</Length>
                <Required>false</Required>
            </Column6>
            <Column7>
                <ColumnName>ID_DEPARTAMENT</ColumnName>
                <ColumnType>NUMBER</ColumnType>
                <Length>10</Length>
                <Required>false</Required>
            </Column7>
            <Column8>
                <ColumnName>ID_FUNCTIE</ColumnName>
                <ColumnType>NUMBER</ColumnType>
                <Length>10</Length>
                <Required>false</Required>
            </Column8>
            <Column9>
                <ColumnName>CV</ColumnName>
                <ColumnType>BLOB</ColumnType>
                <Length>-1</Length>
                <Required>false</Required>
            </Column9>
            <Column10>
                <ColumnName>ID_UTILIZATOR</ColumnName>
                <ColumnType>NUMBER</ColumnType>
                <Length>10</Length>
                <Required>false</Required>
            </Column10>
            <Column11>
                <ColumnName>ID_UNITATE</ColumnName>
                <ColumnType>NUMBER</ColumnType>
                <Length>10</Length>
                <Required>false</Required>
            </Column11>
            <Column12>
                <ColumnName>CREAT_DE</ColumnName>
                <ColumnType>VARCHAR2</ColumnType>
                <Length>50</Length>
                <Required>true</Required>
            </Column12>
            <Column13>
                <ColumnName>CREAT_LA</ColumnName>
                <ColumnType>DATE</ColumnType>
                <Length>0</Length>
                <Required>true</Required>
            </Column13>
            <Column14>
                <ColumnName>MODIFICAT_DE</ColumnName>
                <ColumnType>VARCHAR2</ColumnType>
                <Length>50</Length>
                <Required>false</Required>
            </Column14>
            <Column15>
                <ColumnName>MODIFICAT_LA</ColumnName>
                <ColumnType>DATE</ColumnType>
                <Length>0</Length>
                <Required>false</Required>
            </Column15>
            <Column16>
                <ColumnName>DATA_NASTERE</ColumnName>
                <ColumnType>DATE</ColumnType>
                <Length>0</Length>
                <Required>false</Required>
            </Column16>
            <Column17>
                <ColumnName>ID_TIP_ACT</ColumnName>
                <ColumnType>NUMBER</ColumnType>
                <Length>10</Length>
                <Required>false</Required>
            </Column17>
            <Column18>
                <ColumnName>SERIE_ACT</ColumnName>
                <ColumnType>VARCHAR2</ColumnType>
                <Length>100</Length>
                <Required>false</Required>
            </Column18>
            <Column19>
                <ColumnName>NR_ACT</ColumnName>
                <ColumnType>VARCHAR2</ColumnType>
                <Length>100</Length>
                <Required>false</Required>
            </Column19>
            <Column20>
                <ColumnName>PRENUME</ColumnName>
                <ColumnType>VARCHAR2</ColumnType>
                <Length>512</Length>
                <Required>true</Required>
            </Column20>
            <Column21>
                <ColumnName>EMAIL</ColumnName>
                <ColumnType>VARCHAR2</ColumnType>
                <Length>512</Length>
                <Required>true</Required>
            </Column21>
            <Column22>
                <ColumnName>NR_ORE</ColumnName>
                <ColumnType>NUMBER</ColumnType>
                <Length>10</Length>
                <Required>false</Required>
            </Column22>
            <Column23>
                <ColumnName>NR_PERMIS_CONDUCERE</ColumnName>
                <ColumnType>VARCHAR2</ColumnType>
                <Length>20</Length>
                <Required>false</Required>
            </Column23>
            <Column24>
                <ColumnName>MARCA</ColumnName>
                <ColumnType>VARCHAR2</ColumnType>
                <Length>20</Length>
                <Required>false</Required>
            </Column24>
            <Column25>
                <ColumnName>DATA_VALABIL_EXAMEN_PSIHO</ColumnName>
                <ColumnType>DATE</ColumnType>
                <Length>0</Length>
                <Required>false</Required>
            </Column25>
            <Column26>
                <ColumnName>DATA_VALABIL_EXAMEN_MEDICAL</ColumnName>
                <ColumnType>DATE</ColumnType>
                <Length>0</Length>
                <Required>false</Required>
            </Column26>
            <Column27>
                <ColumnName>STATUS</ColumnName>
                <ColumnType>NUMBER</ColumnType>
                <Length>1</Length>
                <Required>false</Required>
            </Column27>
            <Column28>
                <ColumnName>STATUS_PERSOANA</ColumnName>
                <ColumnType>VARCHAR2</ColumnType>
                <Length>50</Length>
                <Required>false</Required>
            </Column28>
            <Column29>
                <ColumnName>PAROLA</ColumnName>
                <ColumnType>VARCHAR2</ColumnType>
                <Length>50</Length>
                <Required>false</Required>
            </Column29>
            <Column30>
                <ColumnName>USERNAME_LDAP</ColumnName>
                <ColumnType>VARCHAR2</ColumnType>
                <Length>255</Length>
                <Required>false</Required>
            </Column30>
            <Column31>
                <ColumnName>BLOCK_TRIGGER</ColumnName>
                <ColumnType>NUMBER</ColumnType>
                <Length>1</Length>
                <Required>false</Required>
            </Column31>
            <Column32>
                <ColumnName>COST</ColumnName>
                <ColumnType>NUMBER</ColumnType>
                <Length>12</Length>
                <Required>false</Required>
            </Column32>
            <Column33>
                <ColumnName>ADRESA</ColumnName>
                <ColumnType>VARCHAR2</ColumnType>
                <Length>999</Length>
                <Required>false</Required>
            </Column33>
            <Column34>
                <ColumnName>HAS_USER</ColumnName>
                <ColumnType>NUMBER</ColumnType>
                <Length>1</Length>
                <Required>false</Required>
            </Column34>
            <Column35>
                <ColumnName>CENTRU_COST</ColumnName>
                <ColumnType>NUMBER</ColumnType>
                <Length>0</Length>
                <Required>false</Required>
            </Column35>
            <Column36>
                <ColumnName>INITIALE</ColumnName>
                <ColumnType>VARCHAR2</ColumnType>
                <Length>40</Length>
                <Required>false</Required>
            </Column36>
            <Column37>
                <ColumnName>COMPANIE</ColumnName>
                <ColumnType>NUMBER</ColumnType>
                <Length>10</Length>
                <Required>false</Required>
            </Column37>
            <Column38>
                <ColumnName>EMAILCODAT</ColumnName>
                <ColumnType>VARCHAR2</ColumnType>
                <Length>500</Length>
                <Required>false</Required>
            </Column38>
            <Column39>
                <ColumnName>NR_CONTRACT</ColumnName>
                <ColumnType>NUMBER</ColumnType>
                <Length>10</Length>
                <Required>false</Required>
            </Column39>
            <Column40>
                <ColumnName>DATA_CONTRACT</ColumnName>
                <ColumnType>DATE</ColumnType>
                <Length>0</Length>
                <Required>false</Required>
            </Column40>
            <Column41>
                <ColumnName>NR_EXTERN</ColumnName>
                <ColumnType>NUMBER</ColumnType>
                <Length>1</Length>
                <Required>false</Required>
            </Column41>
            <Column42>
                <ColumnName>HOLIDAY_DAYS_LEFT</ColumnName>
                <ColumnType>NUMBER</ColumnType>
                <Length>5</Length>
                <Required>false</Required>
            </Column42>
            <Column43>
                <ColumnName>HOLIDAY_DAYS_LEFT_ANTE</ColumnName>
                <ColumnType>NUMBER</ColumnType>
                <Length>5</Length>
                <Required>false</Required>
            </Column43>
            <Column44>
                <ColumnName>MOTIVUL_PLECARII</ColumnName>
                <ColumnType>VARCHAR2</ColumnType>
                <Length>200</Length>
                <Required>false</Required>
            </Column44>
            <Column45>
                <ColumnName>TIP_AUTOVEHICUL</ColumnName>
                <ColumnType>VARCHAR2</ColumnType>
                <Length>200</Length>
                <Required>false</Required>
            </Column45>
            <Column46>
                <ColumnName>NR_AUTOVEHICUL</ColumnName>
                <ColumnType>VARCHAR2</ColumnType>
                <Length>200</Length>
                <Required>false</Required>
            </Column46>
            <Column47>
                <ColumnName>HAS_TICHETE</ColumnName>
                <ColumnType>NUMBER</ColumnType>
                <Length>1</Length>
                <Required>false</Required>
            </Column47>
            <Column48>
                <ColumnName>HOLIDAY_DAYS_ANTE_2</ColumnName>
                <ColumnType>NUMBER</ColumnType>
                <Length>5</Length>
                <Required>false</Required>
            </Column48>
            <Column49>
                <ColumnName>FUNCTIE</ColumnName>
                <ColumnType>NUMBER</ColumnType>
                <Length>10</Length>
                <Required>false</Required>
            </Column49>
            <Column50>
                <ColumnName>COD_IBAN</ColumnName>
                <ColumnType>VARCHAR2</ColumnType>
                <Length>50</Length>
                <Required>false</Required>
            </Column50>
            <Column51>
                <ColumnName>ID_UNITATE_LOGISTICA</ColumnName>
                <ColumnType>NUMBER</ColumnType>
                <Length>10</Length>
                <Required>false</Required>
            </Column51>
            <Column52>
                <ColumnName>HOLIDAY_DAYS_CONTRACT</ColumnName>
                <ColumnType>NUMBER</ColumnType>
                <Length>10</Length>
                <Required>false</Required>
            </Column52>
            <Column53>
                <ColumnName>ROW_ID</ColumnName>
                <ColumnType>VARCHAR2</ColumnType>
                <Length>32</Length>
                <Required>false</Required>
            </Column53>
        </TableStructure>
        <TableData />
    </Table>
</Tables>