<Table><TableName>student</TableName><TableStructure><Column1><ColumnName>sid</ColumnName><ColumnType>INT</ColumnType><Length>11</Length></Column1><Column2><ColumnName>sname</ColumnName><ColumnType>VARCHAR</ColumnType><Length>50</Length></Column2><Column3><ColumnName>email</ColumnName><ColumnType>VARCHAR</ColumnType><Length>50</Length></Column3><Column4><ColumnName>aid</ColumnName><ColumnType>INT</ColumnType><Length>11</Length></Column4></TableStructure><TableData><Student1><sid>1</sid><sname>Dms</sname><email>Dms1@gmail.com</email><aid/></Student1><Student2><sid>2</sid><sname>Siva</sname><email>Siva@gmail.com</email><aid/></Student2><Student3><sid>3</sid><sname>Roy</sname><email>Roy@gmail.com</email><aid/></Student3></TableData></Table>